REPORTER_CD,year,class
004,2008,H2
004,2009,H2
004,2010,H2
004,2011,H2
004,2012,H2
004,2013,H2
004,2014,H2
004,2015,H2
004,2016,H2
008,2001,H1
008,2002,H1
008,2003,H2
008,2004,H2
008,2005,H2
008,2006,H2
008,2007,H2
008,2008,H2
008,2009,H3
008,2010,H3
008,2011,H3
008,2012,H4
008,2013,H4
008,2014,H4
008,2015,H4
008,2016,H4
008,2017,H5
012,2001,H1
012,2002,H2
012,2003,H2
012,2004,H2
012,2005,H2
012,2006,H2
012,2007,H3
012,2008,H3
012,2009,H3
012,2010,H3
012,2011,H3
012,2012,H4
012,2013,H4
012,2014,H4
012,2015,H4
012,2016,H4
012,2017,H5
020,2001,H1
020,2002,H2
020,2003,H2
020,2004,H2
020,2005,H2
020,2006,H2
020,2007,H3
020,2008,H3
020,2009,H3
020,2010,H3
020,2011,H3
020,2012,H4
020,2013,H4
020,2014,H4
024,2007,H2
024,2009,H3
024,2010,H3
024,2011,H3
024,2012,H3
024,2013,H3
024,2014,H4
024,2015,H4
028,2005,H1
028,2006,H1
028,2007,H1
028,2009,H1
028,2010,H1
028,2011,H1
028,2012,H1
028,2013,H3
028,2014,H3
028,2015,H3
028,2016,H3
028,2017,H3
031,2001,H1
031,2002,H1
031,2003,H1
031,2004,H2
031,2005,H2
031,2006,H2
031,2007,H3
031,2008,H3
031,2009,H3
031,2010,H3
031,2011,H3
031,2012,H4
031,2013,H4
031,2014,H4
031,2015,H4
031,2016,H4
031,2017,H4
032,2001,H1
032,2002,H2
032,2003,H2
032,2004,H2
032,2005,H2
032,2006,H2
032,2007,H3
032,2008,H3
032,2009,H3
032,2010,H3
032,2011,H3
032,2012,H4
032,2013,H4
032,2014,H4
032,2015,H4
032,2016,H4
032,2017,H4
036,2001,H1
036,2002,H2
036,2003,H2
036,2004,H2
036,2005,H2
036,2006,H2
036,2007,H3
036,2008,H3
036,2009,H3
036,2010,H3
036,2011,H3
036,2012,H4
036,2013,H4
036,2014,H4
036,2015,H4
036,2016,H4
036,2017,H5
040,2001,H1
040,2002,H2
040,2003,H2
040,2004,H2
040,2005,H2
040,2006,H2
040,2007,H3
040,2008,H3
040,2009,H3
040,2010,H3
040,2011,H3
040,2012,H4
040,2013,H4
040,2014,H4
040,2015,H4
040,2016,H4
044,2001,H1
044,2002,H1
044,2003,H2
044,2004,H2
044,2005,H2
044,2006,H2
044,2007,H2
044,2008,H2
044,2009,H3
044,2010,H3
044,2011,H3
044,2012,H3
044,2013,H4
044,2014,H4
044,2015,H4
048,2001,H0
048,2002,H2
048,2003,H2
048,2004,H2
048,2005,H2
048,2006,H2
048,2007,H2
048,2008,H2
048,2009,H3
048,2010,H3
048,2011,H3
048,2012,H3
048,2013,H4
048,2014,H4
048,2015,H4
048,2016,H4
050,2001,H0
050,2002,H2
050,2003,H2
050,2004,H2
050,2005,H2
050,2006,H2
050,2007,H2
050,2008,H3
050,2009,H3
050,2010,H3
050,2011,H3
050,2012,H4
050,2013,H4
050,2015,H4
051,2001,H1
051,2002,H1
051,2003,H2
051,2004,H2
051,2005,H2
051,2006,H2
051,2007,H3
051,2008,H3
051,2009,H3
051,2010,H3
051,2011,H3
051,2012,H3
051,2013,H4
051,2014,H4
051,2015,H4
051,2016,H4
051,2017,H5
052,2001,H1
052,2002,H1
052,2003,H1
052,2004,H1
052,2005,H2
052,2006,H2
052,2007,H2
052,2008,H2
052,2009,H2
052,2010,H2
052,2011,H2
052,2012,H2
052,2013,H2
052,2014,H2
052,2015,H2
052,2016,H2
052,2017,H2
056,2001,H1
056,2002,H2
056,2003,H2
056,2004,H2
056,2005,H2
056,2006,H2
056,2007,H3
056,2008,H3
056,2009,H3
056,2010,H3
056,2011,H3
056,2012,H4
056,2013,H4
056,2014,H4
056,2015,H4
056,2016,H4
056,2017,H5
060,2005,H2
060,2006,H2
060,2007,H2
060,2008,H2
060,2009,H2
060,2010,H3
060,2011,H3
060,2012,H4
060,2013,H4
060,2014,H4
060,2015,H4
060,2016,H4
060,2017,H5
064,2005,H2
064,2006,H2
064,2007,H3
064,2008,H3
064,2009,H3
064,2010,H3
064,2011,H3
064,2012,H4
068,2001,H1
068,2002,H2
068,2003,H2
068,2004,H2
068,2005,H2
068,2006,H2
068,2007,H3
068,2008,H3
068,2009,H3
068,2010,H3
068,2011,H3
068,2012,H4
068,2013,H4
068,2014,H4
068,2015,H4
068,2016,H4
068,2017,H5
070,2003,H2
070,2004,H2
070,2005,H2
070,2006,H2
070,2007,H2
070,2008,H3
070,2009,H3
070,2010,H3
070,2011,H3
070,2012,H4
070,2013,H4
070,2014,H4
070,2015,H4
070,2016,H4
070,2017,H5
072,2001,H1
072,2002,H1
072,2003,H1
072,2004,H1
072,2005,H1
072,2006,H1
072,2007,H1
072,2008,H1
072,2009,H2
072,2010,H2
072,2011,H2
072,2012,H2
072,2013,H4
072,2014,H4
072,2015,H4
072,2016,H4
072,2017,H4
076,2001,H1
076,2002,H2
076,2003,H2
076,2004,H2
076,2005,H2
076,2006,H2
076,2007,H2
076,2008,H3
076,2009,H3
076,2010,H3
076,2011,H3
076,2012,H4
076,2013,H4
076,2014,H4
076,2015,H4
076,2016,H4
076,2017,H5
084,2001,H1
084,2002,H1
084,2003,H1
084,2004,H1
084,2005,H2
084,2006,H2
084,2007,H2
084,2008,H2
084,2009,H2
084,2010,H3
084,2011,H3
084,2012,H3
084,2013,H3
084,2014,H4
084,2015,H4
084,2016,H4
084,2017,H4
090,2002,H2
090,2003,H2
090,2004,H2
090,2005,H2
090,2006,H2
090,2007,H2
090,2008,H2
090,2009,H1
090,2010,H2
090,2011,H1
090,2012,H1
090,2013,H1
090,2014,H1
090,2015,H4
090,2016,H4
090,2017,H4
096,2001,H0
096,2002,H1
096,2003,H1
096,2004,H2
096,2006,H1
096,2007,H2
096,2008,H2
096,2009,H3
096,2010,H3
096,2011,H3
096,2012,H3
096,2013,H4
096,2014,H4
096,2015,H4
096,2016,H4
096,2017,H5
097,2001,H1
097,2002,H2
097,2003,H2
097,2004,H2
097,2005,H2
097,2006,H2
097,2007,H3
097,2008,H3
097,2009,H3
097,2010,H3
097,2011,H3
097,2012,H4
097,2013,H4
097,2014,H4
097,2015,H4
097,2016,H4
097,2017,H5
100,2001,H1
100,2002,H2
100,2003,H2
100,2004,H2
100,2005,H2
100,2006,H2
100,2007,H3
100,2008,H3
100,2009,H3
100,2010,H3
100,2011,H3
100,2012,H4
100,2013,H4
100,2014,H4
100,2015,H4
100,2016,H4
100,2017,H5
104,2001,H1
104,2010,H3
104,2011,H3
104,2012,H4
104,2013,H4
104,2014,H4
104,2015,H4
104,2016,H4
104,2017,H5
108,2001,H0
108,2002,H0
108,2003,H1
108,2004,H1
108,2005,H1
108,2006,H2
108,2007,H2
108,2008,H2
108,2009,H2
108,2010,H3
108,2011,H2
108,2012,H2
108,2013,H3
108,2014,H4
108,2015,H4
108,2016,H4
108,2017,H4
112,2001,H1
112,2002,H2
112,2003,H2
112,2004,H2
112,2005,H2
112,2006,H2
112,2007,H2
112,2008,H3
112,2009,H3
112,2010,H3
112,2011,H3
112,2012,H4
112,2013,H4
112,2014,H4
112,2015,H4
112,2016,H4
116,2001,H1
116,2002,H1
116,2003,H1
116,2004,H2
116,2005,H2
116,2006,H2
116,2007,H3
116,2008,H3
116,2009,H3
116,2010,H3
116,2011,H3
116,2012,H4
116,2013,H4
116,2014,H4
116,2015,H4
116,2016,H4
120,2001,H1
120,2002,H1
120,2003,H1
120,2004,H1
120,2005,H2
120,2006,H2
120,2007,H2
120,2008,H2
120,2009,H2
120,2010,H2
120,2011,H2
120,2012,H2
120,2013,H4
120,2014,H4
120,2015,H4
120,2016,H4
124,2001,H1
124,2002,H2
124,2003,H2
124,2004,H2
124,2005,H2
124,2006,H2
124,2007,H3
124,2008,H3
124,2009,H3
124,2010,H3
124,2011,H3
124,2012,H4
124,2013,H4
124,2014,H4
124,2015,H4
124,2016,H4
124,2017,H5
132,2001,H1
132,2002,H1
132,2003,H1
132,2004,H1
132,2005,H1
132,2006,H1
132,2007,H2
132,2008,H3
132,2009,H3
132,2010,H3
132,2011,H3
132,2012,H3
132,2013,H4
132,2014,H4
132,2015,H4
132,2016,H4
132,2017,H4
136,2013,H2
136,2015,H4
140,2001,H0
140,2002,H0
140,2003,H0
140,2004,H0
140,2005,H0
140,2006,H2
140,2007,H2
140,2008,H2
140,2009,H2
140,2010,H3
140,2011,H3
140,2012,H3
140,2013,H3
140,2014,H3
140,2015,H3
140,2016,H4
144,2001,H1
144,2002,H2
144,2003,H2
144,2004,H2
144,2005,H2
144,2006,H2
144,2007,H2
144,2008,H3
144,2009,H3
144,2010,H3
144,2011,H3
144,2012,H3
144,2013,H4
144,2014,H4
144,2015,H4
144,2016,H4
144,2017,H5
152,2001,H1
152,2002,H2
152,2003,H2
152,2004,H2
152,2005,H2
152,2006,H2
152,2007,H3
152,2008,H3
152,2009,H3
152,2010,H3
152,2011,H3
152,2012,H4
152,2013,H4
152,2014,H4
152,2015,H4
152,2016,H4
152,2017,H5
156,2001,H1
156,2002,H2
156,2003,H2
156,2004,H2
156,2005,H2
156,2006,H2
156,2007,H3
156,2008,H3
156,2009,H3
156,2010,H3
156,2011,H3
156,2012,H4
156,2013,H4
156,2014,H4
156,2015,H4
156,2016,H4
170,2001,H1
170,2002,H2
170,2003,H2
170,2004,H2
170,2005,H2
170,2006,H2
170,2007,H3
170,2008,H3
170,2009,H3
170,2010,H3
170,2011,H3
170,2012,H4
170,2013,H4
170,2014,H4
170,2015,H4
170,2016,H4
174,2001,H0
174,2002,H0
174,2003,H0
174,2004,H0
174,2005,H0
174,2006,H0
174,2007,H0
174,2008,H2
174,2009,H2
174,2010,H2
174,2011,H2
174,2012,H2
174,2013,H2
175,2001,H1
175,2002,H2
175,2003,H2
175,2004,H2
175,2005,H2
175,2006,H2
175,2007,H3
175,2008,H3
175,2009,H3
178,2007,H2
178,2008,H2
178,2009,H2
178,2010,H2
178,2011,H2
178,2012,H2
178,2013,H2
178,2014,H4
184,2001,H1
184,2002,H2
184,2003,H2
184,2004,H2
184,2005,H2
184,2007,H0
184,2008,H3
184,2009,H0
184,2010,H0
184,2011,H0
188,2001,H1
188,2002,H1
188,2003,H2
188,2004,H2
188,2005,H2
188,2006,H2
188,2007,H3
188,2008,H3
188,2009,H3
188,2010,H3
188,2011,H3
188,2012,H4
188,2013,H4
188,2014,H4
188,2015,H4
188,2016,H4
191,2001,H1
191,2002,H2
191,2003,H2
191,2004,H2
191,2005,H2
191,2006,H2
191,2007,H3
191,2008,H3
191,2009,H3
191,2010,H3
191,2011,H3
191,2012,H4
191,2013,H4
191,2014,H4
191,2015,H4
191,2016,H4
191,2017,H5
192,2001,H1
192,2002,H1
192,2003,H2
192,2004,H2
192,2005,H2
192,2006,H2
196,2001,H1
196,2002,H2
196,2003,H2
196,2004,H2
196,2005,H2
196,2006,H2
196,2007,H3
196,2008,H3
196,2009,H3
196,2010,H3
196,2011,H3
196,2012,H4
196,2013,H4
196,2014,H4
196,2015,H4
196,2016,H4
196,2017,H5
203,2001,H1
203,2002,H2
203,2003,H2
203,2004,H2
203,2005,H2
203,2006,H2
203,2007,H3
203,2008,H3
203,2009,H3
203,2010,H3
203,2011,H3
203,2012,H4
203,2013,H4
203,2014,H4
203,2015,H4
203,2016,H4
203,2017,H5
204,2001,H1
204,2002,H1
204,2003,H1
204,2004,H1
204,2005,H1
204,2006,H2
204,2007,H2
204,2008,H2
204,2009,H2
204,2010,H2
204,2011,H2
204,2012,H2
204,2013,H3
204,2014,H3
204,2015,H4
204,2016,H4
208,2001,H1
208,2002,H2
208,2003,H2
208,2004,H2
208,2005,H2
208,2006,H2
208,2007,H3
208,2008,H3
208,2009,H3
208,2010,H3
208,2011,H3
208,2012,H4
208,2013,H4
208,2014,H4
208,2015,H4
208,2016,H4
208,2017,H5
212,2001,H1
212,2002,H1
212,2003,H1
212,2004,H1
212,2005,H1
212,2006,H2
212,2007,H2
212,2008,H2
212,2009,H3
212,2010,H3
212,2012,H3
214,2001,H1
214,2002,H1
214,2003,H1
214,2004,H1
214,2005,H1
214,2006,H2
214,2007,H3
214,2008,H3
214,2009,H3
214,2010,H3
214,2011,H3
214,2012,H4
214,2013,H4
214,2014,H4
214,2015,H4
214,2016,H4
214,2017,H5
218,2001,H1
218,2002,H2
218,2003,H2
218,2004,H2
218,2005,H2
218,2006,H2
218,2007,H2
218,2008,H3
218,2009,H3
218,2010,H3
218,2011,H3
218,2012,H3
218,2013,H4
218,2014,H4
218,2015,H4
218,2016,H4
218,2017,H5
222,2001,H1
222,2002,H2
222,2003,H2
222,2004,H2
222,2005,H2
222,2006,H2
222,2007,H3
222,2008,H3
222,2009,H3
222,2010,H3
222,2011,H3
222,2012,H4
222,2013,H4
222,2014,H4
222,2015,H4
222,2016,H4
222,2017,H5
231,2001,H1
231,2002,H1
231,2003,H1
231,2004,H2
231,2005,H2
231,2006,H2
231,2007,H2
231,2008,H3
231,2009,H3
231,2010,H3
231,2011,H3
231,2012,H3
231,2013,H3
231,2014,H4
231,2015,H4
231,2016,H3
232,2001,S3
232,2002,S3
232,2003,H1
233,2001,H1
233,2002,H2
233,2003,H2
233,2004,H2
233,2005,H2
233,2006,H2
233,2007,H3
233,2008,H3
233,2009,H3
233,2010,H3
233,2011,H3
233,2012,H4
233,2013,H4
233,2014,H4
233,2015,H4
233,2016,H4
233,2017,H5
234,2001,H1
234,2002,H2
234,2003,H2
234,2004,H2
234,2005,H2
234,2006,H2
234,2007,H3
234,2008,H3
234,2009,H3
242,2001,H1
242,2002,H1
242,2003,H2
242,2004,H2
242,2005,H2
242,2006,H2
242,2007,H2
242,2008,H3
242,2009,H3
242,2010,H3
242,2011,H3
242,2012,H4
242,2013,H4
242,2014,H4
242,2015,H4
242,2016,H4
242,2017,H5
246,2001,H1
246,2002,H2
246,2003,H2
246,2004,H2
246,2005,H2
246,2006,H2
246,2007,H3
246,2008,H3
246,2009,H3
246,2010,H3
246,2011,H3
246,2012,H4
246,2013,H4
246,2014,H4
246,2015,H4
246,2016,H4
246,2017,H5
251,2001,H1
251,2002,H2
251,2003,H2
251,2004,H2
251,2005,H2
251,2006,H2
251,2007,H3
251,2008,H3
251,2009,H3
251,2010,H3
251,2011,H3
251,2012,H4
251,2013,H4
251,2014,H4
251,2015,H4
251,2016,H4
258,2001,H1
258,2002,H1
258,2003,H2
258,2004,H2
258,2005,H2
258,2006,H2
258,2007,H2
258,2008,H2
258,2009,H3
258,2010,H3
258,2011,H3
258,2012,H4
258,2013,H4
258,2014,H4
258,2015,H4
262,2009,H3
266,2001,H1
266,2002,H1
266,2003,H1
266,2004,H2
266,2005,H2
266,2006,H2
266,2007,H2
266,2008,H2
266,2009,H2
268,2001,H1
268,2002,H1
268,2003,H1
268,2004,H1
268,2005,H2
268,2006,H2
268,2007,H2
268,2008,H2
268,2009,H3
268,2010,H3
268,2011,H3
268,2012,H4
268,2013,H4
268,2014,H4
268,2015,H4
268,2016,H4
268,2017,H4
270,2001,H0
270,2002,H1
270,2003,H1
270,2004,H1
270,2005,H1
270,2006,H1
270,2007,H1
270,2008,H1
270,2009,H1
270,2010,H1
270,2011,H3
270,2012,H3
270,2013,H3
270,2014,H3
270,2016,H3
275,2001,S3
275,2002,S3
275,2003,S3
275,2004,S3
275,2005,S3
275,2006,S3
275,2007,H3
275,2008,H3
275,2009,H3
275,2010,H3
275,2011,H3
275,2012,H3
275,2013,H3
275,2014,H3
275,2015,H4
275,2016,H4
276,2001,H1
276,2002,H2
276,2003,H2
276,2004,H2
276,2005,H2
276,2006,H2
276,2007,H3
276,2008,H3
276,2009,H3
276,2010,H3
276,2011,H3
276,2012,H4
276,2013,H4
276,2014,H4
276,2015,H4
276,2016,H4
276,2017,H5
288,2001,H0
288,2002,H0
288,2003,H1
288,2004,H2
288,2005,H2
288,2006,H2
288,2007,H2
288,2008,H2
288,2009,H2
288,2010,H3
288,2011,H3
288,2012,H3
288,2013,H4
288,2016,H4
296,2004,H1
296,2005,H2
296,2006,H2
296,2007,H2
296,2008,H2
296,2009,H2
296,2010,H2
296,2011,H2
296,2012,H2
296,2013,H2
296,2014,H4
296,2015,H4
296,2016,H4
300,2001,H1
300,2002,H2
300,2003,H2
300,2004,H2
300,2005,H2
300,2006,H2
300,2007,H3
300,2008,H3
300,2009,H3
300,2010,H3
300,2011,H3
300,2012,H4
300,2013,H4
300,2014,H4
300,2015,H4
300,2016,H4
300,2017,H5
304,2001,H1
304,2002,H2
304,2003,H2
304,2004,H2
304,2005,H2
304,2006,H2
304,2007,H3
304,2008,H3
304,2009,H3
304,2010,H3
304,2011,H3
304,2012,H4
304,2013,H4
304,2014,H4
304,2015,H4
304,2016,H4
308,2001,H1
308,2002,H1
308,2003,H1
308,2004,H1
308,2005,H1
308,2006,H1
308,2007,H1
308,2008,H1
308,2009,H1
320,2001,H1
320,2002,H2
320,2003,H2
320,2004,H2
320,2005,H2
320,2006,H2
320,2007,H3
320,2008,H3
320,2009,H3
320,2010,H3
320,2011,H3
320,2012,H4
320,2013,H4
320,2014,H4
320,2015,H4
320,2016,H4
324,2001,H1
324,2002,H1
324,2004,H1
324,2005,H2
324,2006,H2
324,2007,H2
324,2008,H2
324,2013,H4
324,2014,H4
324,2015,H4
324,2016,H4
324,2017,H4
328,2001,H1
328,2002,H1
328,2003,H1
328,2004,H1
328,2005,H2
328,2006,H2
328,2007,H3
328,2008,H3
328,2009,H3
328,2010,H3
328,2011,H3
328,2012,H3
328,2013,H3
328,2014,H3
328,2015,H3
328,2016,H3
328,2017,H3
340,2001,H1
340,2002,H1
340,2003,H2
340,2004,H2
340,2005,H2
340,2006,H2
340,2007,H3
340,2009,H3
340,2010,H3
340,2011,H3
340,2012,H4
340,2014,H4
340,2015,H4
340,2016,H4
340,2017,H5
344,2001,H1
344,2002,H2
344,2003,H2
344,2004,H2
344,2005,H2
344,2006,H2
344,2007,H3
344,2008,H3
344,2009,H3
344,2010,H3
344,2011,H3
344,2012,H4
344,2013,H4
344,2014,H4
344,2015,H4
344,2016,H4
344,2017,H5
348,2001,H1
348,2002,H2
348,2003,H2
348,2004,H2
348,2005,H2
348,2006,H2
348,2007,H3
348,2008,H3
348,2009,H3
348,2010,H3
348,2011,H3
348,2012,H4
348,2013,H4
348,2014,H4
348,2015,H4
348,2016,H4
348,2017,H5
352,2001,H1
352,2002,H2
352,2003,H2
352,2004,H2
352,2005,H2
352,2006,H2
352,2007,H3
352,2008,H3
352,2009,H3
352,2010,H3
352,2011,H3
352,2012,H4
352,2013,H4
352,2014,H4
352,2015,H4
352,2016,H4
352,2017,H5
360,2001,H1
360,2002,H1
360,2003,H1
360,2004,H1
360,2005,H1
360,2006,H1
360,2007,H1
360,2008,H1
360,2009,H1
360,2010,H3
360,2011,H3
360,2012,H4
360,2013,H4
360,2014,H4
360,2015,H4
360,2016,H4
360,2017,H5
364,2001,H1
364,2002,H1
364,2003,H2
364,2004,H2
364,2005,H2
364,2006,H2
364,2010,H2
364,2011,H3
368,2001,S3
368,2002,S3
368,2004,S3
368,2005,S3
368,2006,S3
368,2007,S3
368,2008,S3
368,2009,S3
368,2010,H3
368,2011,H2
368,2012,H2
368,2013,H2
368,2014,H2
368,2015,H2
368,2016,H2
372,2001,H1
372,2002,H2
372,2003,H2
372,2004,H2
372,2005,H2
372,2006,H2
372,2007,H3
372,2008,H3
372,2009,H3
372,2010,H3
372,2011,H3
372,2012,H4
372,2013,H4
372,2014,H4
372,2015,H4
372,2016,H4
372,2017,H5
376,2001,H1
376,2002,H2
376,2003,H2
376,2004,H2
376,2005,H2
376,2006,H2
376,2007,H3
376,2008,H3
376,2009,H3
376,2010,H3
376,2011,H3
376,2012,H4
376,2013,H4
376,2014,H4
376,2015,H4
376,2016,H4
376,2017,H5
381,2001,H1
381,2002,H2
381,2003,H2
381,2004,H2
381,2005,H2
381,2006,H2
381,2007,H3
381,2008,H3
381,2009,H3
381,2010,H3
381,2011,H3
381,2012,H4
381,2013,H4
381,2014,H4
381,2015,H4
381,2016,H4
381,2017,H5
384,2001,H1
384,2002,H1
384,2003,H2
384,2004,H2
384,2005,H2
384,2006,H2
384,2007,H2
384,2008,H3
384,2009,H3
384,2010,H3
384,2011,H3
384,2012,H3
384,2013,H3
384,2014,H3
384,2015,H4
388,2001,H1
388,2002,H1
388,2003,H1
388,2004,H2
388,2005,H2
388,2006,H2
388,2007,H2
388,2008,H3
388,2009,H3
388,2010,H3
388,2011,H3
388,2012,H3
388,2013,H3
388,2014,H4
388,2015,H4
388,2016,H4
388,2017,H4
392,2001,H1
392,2002,H2
392,2003,H2
392,2004,H2
392,2005,H2
392,2006,H2
392,2007,H3
392,2008,H3
392,2009,H3
392,2010,H3
392,2011,H3
392,2012,H4
392,2013,H4
392,2014,H4
392,2015,H4
392,2016,H4
392,2017,H5
398,2001,H1
398,2002,H1
398,2003,H1
398,2004,H2
398,2005,H2
398,2006,H2
398,2007,H2
398,2008,H2
398,2009,H3
398,2010,H3
398,2011,H3
398,2012,H4
398,2013,H4
398,2014,H4
398,2015,H4
398,2016,H4
398,2017,H5
400,2001,H1
400,2002,H2
400,2003,H2
400,2004,H2
400,2005,H2
400,2006,H2
400,2007,H3
400,2008,H3
400,2009,H3
400,2010,H3
400,2011,H3
400,2012,H4
400,2013,H4
400,2014,H4
400,2015,H4
400,2016,H4
400,2017,H5
404,2001,H1
404,2002,H2
404,2003,H2
404,2004,H2
404,2005,H2
404,2006,H2
404,2007,H2
404,2008,H3
404,2009,H3
404,2010,H3
404,2013,H3
410,2001,H1
410,2002,H2
410,2003,H2
410,2004,H2
410,2005,H2
410,2006,H2
410,2007,H3
410,2008,H3
410,2009,H3
410,2010,H3
410,2011,H3
410,2012,H4
410,2013,H4
410,2014,H4
410,2015,H4
410,2016,H4
410,2017,H5
414,2001,H0
414,2002,H0
414,2003,H0
414,2004,H0
414,2006,H2
414,2007,H2
414,2008,H2
414,2009,H2
414,2010,H3
414,2011,H3
414,2013,H4
414,2014,H4
414,2015,H4
414,2016,H4
414,2017,H5
417,2001,H1
417,2002,H1
417,2003,H2
417,2004,H2
417,2005,H2
417,2006,H2
417,2007,H2
417,2008,H3
417,2009,H3
417,2010,H3
417,2011,H3
417,2012,H3
417,2013,H3
417,2015,H4
417,2016,H4
417,2017,H5
418,2010,H3
418,2011,H3
418,2012,H4
418,2013,H4
418,2014,H4
418,2015,H4
418,2016,H4
422,2001,H1
422,2002,H2
422,2003,H2
422,2004,H2
422,2005,H2
422,2006,H2
422,2007,H3
422,2008,H3
422,2009,H3
422,2010,H3
422,2011,H3
422,2012,H4
422,2013,H4
422,2014,H4
422,2016,H4
426,2001,H0
426,2002,H0
426,2003,H0
426,2004,H0
426,2008,H1
426,2009,H1
426,2010,H1
426,2011,H2
426,2012,H2
428,2001,H1
428,2002,H2
428,2003,H2
428,2004,H2
428,2005,H2
428,2006,H2
428,2007,H3
428,2008,H3
428,2009,H3
428,2010,H3
428,2011,H3
428,2012,H4
428,2013,H4
428,2014,H4
428,2015,H4
428,2016,H4
428,2017,H5
434,2003,S3
434,2004,S3
434,2007,H2
434,2008,H2
434,2009,H2
434,2010,H2
440,2001,H1
440,2002,H2
440,2003,H2
440,2004,H2
440,2005,H2
440,2006,H2
440,2007,H3
440,2008,H3
440,2009,H3
440,2010,H3
440,2011,H3
440,2012,H4
440,2013,H4
440,2014,H4
440,2015,H4
440,2016,H4
440,2017,H5
442,2001,H1
442,2002,H2
442,2003,H2
442,2004,H2
442,2005,H2
442,2006,H2
442,2007,H3
442,2008,H3
442,2009,H3
442,2010,H3
442,2011,H3
442,2012,H4
442,2013,H4
442,2014,H4
442,2015,H4
442,2016,H4
442,2017,H5
446,2001,H1
446,2002,H2
446,2003,H2
446,2004,H2
446,2005,H2
446,2006,H2
446,2007,H3
446,2008,H3
446,2009,H3
446,2010,H3
446,2011,H3
446,2012,H4
446,2014,H4
446,2015,H4
446,2016,H4
450,2001,H1
450,2002,H2
450,2003,H2
450,2004,H2
450,2005,H2
450,2006,H2
450,2007,H3
450,2008,H3
450,2009,H3
450,2010,H3
450,2011,H3
450,2012,H4
450,2013,H4
450,2014,H4
450,2015,H4
450,2016,H4
454,2001,H1
454,2002,H1
454,2003,H2
454,2004,H2
454,2005,H2
454,2006,H2
454,2007,H2
454,2008,H3
454,2009,H3
454,2010,H3
454,2011,H3
454,2012,H3
454,2013,H3
454,2014,H4
454,2015,H4
458,2001,H1
458,2002,H2
458,2003,H2
458,2004,H2
458,2005,H2
458,2006,H2
458,2007,H2
458,2008,H2
458,2009,H3
458,2010,H3
458,2011,H3
458,2012,H3
458,2013,H4
458,2014,H4
458,2015,H4
458,2016,H4
458,2017,H5
462,2001,H1
462,2002,H1
462,2003,H2
462,2004,H2
462,2005,H2
462,2006,H2
462,2007,H2
462,2008,H3
462,2009,H3
462,2010,H3
462,2011,H3
462,2012,H4
462,2013,H4
462,2014,H4
462,2015,H4
462,2016,H4
466,2001,H1
466,2002,H1
466,2003,H1
466,2004,H2
466,2005,H2
466,2006,H2
466,2007,H2
466,2008,H3
466,2010,H3
466,2011,H3
466,2012,H3
466,2016,H4
470,2001,H1
470,2002,H2
470,2003,H2
470,2004,H2
470,2005,H2
470,2006,H2
470,2007,H3
470,2008,H3
470,2009,H3
470,2010,H3
470,2011,H3
470,2012,H4
470,2013,H4
470,2014,H4
470,2015,H4
470,2016,H4
478,2001,H1
478,2002,H1
478,2003,H1
478,2004,H1
478,2005,H1
478,2006,H1
478,2007,H1
478,2008,H1
478,2009,H1
478,2010,H2
478,2011,H3
478,2012,H3
478,2013,H3
478,2014,H3
478,2016,H4
478,2017,H4
480,2001,H1
480,2002,H2
480,2003,H2
480,2004,H2
480,2005,H2
480,2006,H2
480,2007,H2
480,2008,H3
480,2009,H3
480,2010,H3
480,2011,H3
480,2012,H4
480,2013,H4
480,2014,H4
480,2015,H4
480,2016,H4
480,2017,H5
484,2001,H1
484,2002,H2
484,2003,H2
484,2004,H2
484,2005,H2
484,2006,H2
484,2007,H2
484,2008,H3
484,2009,H3
484,2010,H3
484,2011,H3
484,2012,H4
484,2013,H4
484,2014,H4
484,2015,H4
484,2016,H4
484,2017,H4
490,2001,H1
490,2002,H1
490,2003,H1
490,2004,H2
490,2005,H2
490,2006,H2
490,2007,H2
490,2008,H2
490,2009,H3
490,2010,H3
490,2011,H3
490,2012,H3
490,2013,H4
490,2014,H4
490,2015,H4
490,2016,H4
496,2001,H1
496,2002,H2
496,2003,H2
496,2004,H2
496,2005,H2
496,2006,H2
496,2007,H3
496,2013,H4
496,2014,H4
496,2015,H4
496,2016,H4
498,2001,H1
498,2002,H1
498,2003,H1
498,2004,H2
498,2005,H2
498,2006,H2
498,2007,H2
498,2008,H2
498,2009,H3
498,2010,H3
498,2011,H3
498,2012,H3
498,2013,H3
498,2014,H3
498,2015,H4
498,2016,H4
498,2017,H4
499,2006,H2
499,2007,H2
499,2008,H3
499,2009,H3
499,2010,H3
499,2011,H3
499,2012,H4
499,2013,H4
499,2014,H4
499,2015,H4
499,2016,H4
499,2017,H5
500,2001,H0
500,2002,H0
500,2003,H0
500,2004,H2
500,2005,H2
500,2006,H2
500,2007,H2
500,2008,H2
500,2009,H2
500,2010,H2
500,2011,H3
500,2012,H3
500,2013,H3
500,2014,H3
504,2001,H0
504,2002,H2
504,2003,H2
504,2004,H2
504,2005,H2
504,2006,H2
504,2007,H2
504,2008,H2
504,2009,H2
504,2010,H2
504,2011,H2
504,2012,H2
504,2013,H2
504,2014,H2
504,2015,H4
504,2016,H4
508,2001,H1
508,2002,H2
508,2003,H2
508,2004,H2
508,2005,H2
508,2006,H2
508,2007,H2
508,2008,H2
508,2009,H2
508,2010,H2
508,2011,H2
508,2012,H3
508,2013,H3
508,2014,H3
508,2015,H3
508,2016,H3
512,2001,H1
512,2002,H2
512,2003,H2
512,2004,H2
512,2005,H2
512,2006,H2
512,2007,H2
512,2008,H2
512,2009,H2
512,2010,H2
512,2011,H2
512,2012,H4
512,2013,H4
512,2014,H4
512,2015,H4
512,2016,H4
516,2001,H1
516,2002,H1
516,2003,H1
516,2004,H2
516,2005,H2
516,2006,H2
516,2007,H3
516,2008,H3
516,2009,H3
516,2010,H3
516,2011,H3
516,2012,H4
516,2013,H4
516,2014,H4
516,2015,H4
516,2016,H4
524,2003,H2
524,2009,H3
524,2010,H3
524,2011,H3
524,2012,H3
524,2013,H4
524,2014,H4
524,2015,H4
524,2016,H4
524,2017,H4
528,2001,H1
528,2002,H2
528,2003,H2
528,2004,H2
528,2005,H2
528,2006,H2
528,2007,H3
528,2008,H3
528,2009,H3
528,2010,H3
528,2011,H3
528,2012,H4
528,2013,H4
528,2014,H4
528,2015,H4
528,2016,H4
530,2003,S3
530,2005,H2
530,2006,H2
530,2007,H2
530,2008,H2
533,2001,H1
533,2002,H2
533,2003,H2
533,2004,H2
533,2005,H2
533,2006,H2
533,2007,H2
533,2008,H2
533,2009,H3
533,2010,H3
533,2011,H3
533,2012,H3
533,2013,H3
533,2014,H4
533,2015,H4
533,2016,H4
540,2001,H1
540,2002,H1
540,2003,H2
540,2004,H2
540,2005,H2
540,2006,H2
540,2007,H2
540,2008,H3
540,2009,H3
540,2010,H3
540,2011,H3
540,2012,H3
540,2013,H3
540,2014,H4
540,2015,H4
548,2006,H1
548,2007,H2
548,2009,H2
548,2010,H2
548,2011,H2
554,2001,H1
554,2002,H2
554,2003,H2
554,2004,H2
554,2005,H2
554,2006,H2
554,2007,H3
554,2008,H3
554,2009,H3
554,2010,H3
554,2011,H3
554,2012,H4
554,2013,H4
554,2014,H4
554,2015,H4
554,2016,H4
554,2017,H5
558,2001,H1
558,2002,H2
558,2003,H2
558,2004,H2
558,2005,H2
558,2006,H2
558,2007,H3
558,2008,H3
558,2009,H3
558,2010,H3
558,2011,H3
558,2012,H4
558,2013,H4
558,2014,H4
558,2015,H4
558,2016,H4
558,2017,H5
562,2001,H1
562,2002,H2
562,2003,H2
562,2004,H2
562,2005,H2
562,2006,H2
562,2007,H2
562,2008,H2
562,2009,H3
562,2010,H3
562,2011,H3
562,2012,H3
562,2013,H3
562,2014,H3
562,2015,H4
562,2016,H4
566,2001,H1
566,2002,H1
566,2003,H1
566,2006,H2
566,2007,H2
566,2008,H2
566,2009,H3
566,2010,H3
566,2011,H3
566,2012,H3
566,2013,H3
566,2014,H3
566,2016,H4
566,2017,H4
579,2001,H1
579,2002,H2
579,2003,H2
579,2004,H2
579,2005,H2
579,2006,H2
579,2007,H3
579,2008,H3
579,2009,H3
579,2010,H3
579,2011,H3
579,2012,H4
579,2013,H4
579,2014,H4
579,2015,H4
579,2016,H4
579,2017,H5
583,2002,H2
583,2003,H2
583,2004,H2
583,2005,H2
583,2006,H2
583,2007,H2
583,2008,H2
583,2009,H2
583,2010,H2
583,2011,H2
583,2012,H2
583,2013,H2
585,2007,H2
585,2008,H2
585,2009,H2
585,2010,H2
585,2011,H2
585,2012,H2
585,2013,H2
585,2014,H4
585,2015,H4
585,2016,H4
585,2017,H4
586,2001,S3
586,2002,S3
586,2003,H2
586,2004,H2
586,2005,H2
586,2006,H2
586,2007,H2
586,2008,H3
586,2009,H3
586,2010,H3
586,2011,H3
586,2012,H4
586,2013,H4
586,2014,H4
586,2015,H4
586,2016,H4
586,2017,H5
591,2001,H1
591,2002,H1
591,2003,H2
591,2004,H2
591,2005,H2
591,2006,H2
591,2007,H2
591,2008,H3
591,2009,H3
591,2010,H3
591,2011,H3
591,2012,H4
591,2013,H4
591,2014,H4
591,2015,H4
591,2016,H4
598,2001,H0
598,2002,H2
598,2003,H2
598,2004,H2
598,2011,H3
598,2012,H4
600,2001,H1
600,2002,H1
600,2003,H2
600,2004,H2
600,2005,H2
600,2006,H2
600,2007,H3
600,2008,H3
600,2009,H3
600,2010,H3
600,2011,H3
600,2012,H4
600,2013,H4
600,2014,H4
600,2015,H4
600,2016,H4
600,2017,H5
604,2001,H1
604,2002,H2
604,2003,H2
604,2004,H2
604,2005,H2
604,2006,H2
604,2007,H2
604,2008,H3
604,2009,H3
604,2010,H3
604,2011,H3
604,2012,H4
604,2013,H4
604,2014,H4
604,2015,H4
604,2016,H4
604,2017,H5
608,2001,H1
608,2002,H1
608,2003,H1
608,2004,H1
608,2005,H1
608,2006,H1
608,2007,H2
608,2008,H2
608,2009,H2
608,2010,H2
608,2011,H2
608,2012,H2
608,2013,H2
608,2014,H2
608,2015,H2
608,2016,H2
608,2017,H4
616,2001,H1
616,2002,H2
616,2003,H2
616,2004,H2
616,2005,H2
616,2006,H2
616,2007,H3
616,2008,H3
616,2009,H3
616,2010,H3
616,2011,H3
616,2012,H4
616,2013,H4
616,2014,H4
616,2015,H4
616,2016,H4
616,2017,H5
620,2001,H1
620,2002,H2
620,2003,H2
620,2004,H2
620,2005,H2
620,2006,H2
620,2007,H3
620,2008,H3
620,2009,H3
620,2010,H3
620,2011,H3
620,2012,H4
620,2013,H4
620,2014,H4
620,2015,H4
620,2016,H4
620,2017,H5
624,2003,H1
624,2004,H1
624,2005,H1
626,2004,H2
626,2005,H2
626,2013,H2
634,2001,H1
634,2002,H1
634,2003,H0
634,2004,H0
634,2005,H2
634,2006,H2
634,2007,H2
634,2008,H2
634,2009,H3
634,2010,H2
634,2011,H3
634,2012,H2
634,2013,H4
634,2014,H4
634,2015,H4
634,2016,H4
642,2001,H1
642,2002,H2
642,2003,H2
642,2004,H2
642,2005,H2
642,2006,H2
642,2007,H3
642,2008,H3
642,2009,H3
642,2010,H3
642,2011,H3
642,2012,H4
642,2013,H4
642,2014,H4
642,2015,H4
642,2016,H4
642,2017,H5
643,2001,H1
643,2002,H2
643,2003,H2
643,2004,H2
643,2005,H2
643,2006,H2
643,2007,H3
643,2008,H3
643,2009,H3
643,2010,H3
643,2011,H3
643,2012,H4
643,2013,H4
643,2014,H4
643,2015,H4
643,2016,H4
643,2017,H5
646,2001,H1
646,2002,H1
646,2003,H1
646,2004,H1
646,2005,H2
646,2006,H2
646,2007,H2
646,2008,H2
646,2009,H3
646,2010,H3
646,2011,H3
646,2012,H3
646,2013,H4
646,2014,H4
646,2015,H4
646,2016,H4
659,2001,H1
659,2002,H1
659,2003,H1
659,2004,H1
659,2005,H1
659,2006,H1
659,2007,H1
659,2008,H1
659,2009,H3
659,2010,H3
659,2011,H3
659,2012,H3
659,2013,H3
659,2014,H3
659,2015,H3
659,2016,H3
659,2017,H3
660,2001,H0
660,2002,H0
660,2003,H0
660,2004,H0
660,2006,H0
660,2007,H0
660,2008,H0
662,2001,H1
662,2002,H1
662,2003,H1
662,2004,H1
662,2005,H1
662,2006,H1
662,2007,H1
662,2008,H1
662,2009,H1
662,2010,H1
662,2011,H1
662,2012,H3
662,2013,H3
662,2014,H3
662,2015,H4
662,2016,H4
670,2001,H1
670,2002,H1
670,2003,H1
670,2004,H1
670,2005,H1
670,2006,H1
670,2007,H1
670,2008,H1
670,2009,H3
670,2010,H3
670,2011,H3
670,2012,H3
670,2015,H3
678,2001,H1
678,2002,H1
678,2003,H1
678,2004,H1
678,2005,H1
678,2006,H1
678,2007,H1
678,2008,H1
678,2009,H1
678,2010,H1
678,2011,H3
678,2012,H3
678,2013,H3
678,2014,H3
678,2015,H3
678,2016,H3
678,2017,H3
682,2001,H1
682,2002,H2
682,2003,H2
682,2004,H2
682,2005,H2
682,2006,H2
682,2007,H3
682,2008,H3
682,2009,H3
682,2010,H3
682,2011,H3
682,2012,H4
682,2013,H4
682,2014,H4
682,2015,H4
682,2016,H4
686,2001,H1
686,2002,H1
686,2003,H2
686,2004,H2
686,2005,H2
686,2006,H2
686,2007,H2
686,2008,H3
686,2009,H3
686,2010,H3
686,2011,H3
686,2012,H3
686,2013,H3
686,2014,H3
686,2015,H4
686,2016,H4
686,2017,H4
688,2005,H2
688,2006,H2
688,2007,H3
688,2008,H3
688,2009,H3
688,2010,H3
688,2011,H3
688,2012,H4
688,2013,H4
688,2014,H4
688,2015,H4
688,2016,H4
688,2017,H5
690,2001,H1
690,2002,H2
690,2003,H0
690,2004,H0
690,2005,H1
690,2006,H1
690,2007,H0
690,2008,H2
690,2010,H2
690,2011,H2
690,2012,H2
690,2013,H3
690,2014,H3
690,2015,H3
690,2016,H3
694,2002,H0
694,2014,H3
694,2015,H3
694,2016,H3
699,2001,H1
699,2002,H1
699,2003,H2
699,2004,H2
699,2005,H2
699,2006,H2
699,2007,H2
699,2008,H2
699,2009,H3
699,2010,H3
699,2011,H3
699,2012,H3
699,2013,H4
699,2014,H4
699,2015,H4
699,2016,H4
699,2017,H5
702,2001,H1
702,2002,H2
702,2003,H2
702,2004,H2
702,2005,H2
702,2006,H2
702,2007,H3
702,2008,H3
702,2009,H3
702,2010,H3
702,2011,H3
702,2012,H4
702,2013,H4
702,2014,H4
702,2015,H4
702,2016,H4
702,2017,H4
703,2001,H1
703,2002,H2
703,2003,H2
703,2004,H2
703,2005,H2
703,2006,H2
703,2007,H3
703,2008,H3
703,2009,H3
703,2010,H3
703,2011,H3
703,2012,H4
703,2013,H4
703,2014,H4
703,2015,H4
703,2016,H4
703,2017,H5
704,2001,H1
704,2002,H1
704,2003,H1
704,2004,H2
704,2005,H2
704,2006,H2
704,2007,H2
704,2008,H3
704,2009,H3
704,2010,H3
704,2011,H3
704,2012,H4
704,2013,H4
704,2014,H4
704,2015,H4
704,2016,H4
705,2001,H1
705,2002,H2
705,2003,H2
705,2004,H2
705,2005,H2
705,2006,H2
705,2007,H3
705,2008,H3
705,2009,H3
705,2010,H3
705,2011,H3
705,2012,H4
705,2013,H4
705,2014,H4
705,2015,H4
705,2016,H4
705,2017,H5
710,2001,H1
710,2002,H2
710,2003,H2
710,2004,H2
710,2005,H2
710,2006,H2
710,2007,H3
710,2008,H3
710,2009,H3
710,2010,H3
710,2011,H3
710,2012,H4
710,2013,H4
710,2014,H4
710,2015,H4
710,2016,H4
710,2017,H5
716,2001,H1
716,2002,H1
716,2004,H2
716,2005,H2
716,2006,H2
716,2007,H2
716,2008,H3
716,2009,H3
716,2010,H3
716,2011,H3
716,2012,H3
716,2013,H4
716,2014,H4
716,2015,H4
716,2016,H4
724,2001,H1
724,2002,H2
724,2003,H2
724,2004,H2
724,2005,H2
724,2006,H2
724,2007,H3
724,2008,H3
724,2009,H3
724,2010,H3
724,2011,H3
724,2012,H4
724,2013,H4
724,2014,H4
724,2015,H4
724,2016,H4
724,2017,H5
729,2012,H4
729,2015,H3
736,2001,H1
736,2002,H1
736,2003,H1
736,2004,H1
736,2005,H1
736,2006,H1
736,2007,H3
736,2008,H3
736,2009,H3
736,2010,H3
736,2011,H3
740,2001,H0
740,2002,H0
740,2003,H0
740,2004,H0
740,2005,H0
740,2006,H0
740,2007,H0
740,2008,H0
740,2009,H1
740,2010,H3
740,2011,H3
740,2012,H3
740,2013,H3
740,2014,H3
740,2016,H3
740,2017,H3
748,2001,H1
748,2002,H1
748,2003,H1
748,2004,H1
748,2005,H1
748,2006,H1
748,2007,H1
752,2001,H1
752,2002,H2
752,2003,H2
752,2004,H2
752,2005,H2
752,2006,H2
752,2007,H3
752,2008,H3
752,2009,H3
752,2010,H3
752,2011,H3
752,2012,H4
752,2013,H4
752,2014,H4
752,2015,H4
752,2016,H4
752,2017,H5
757,2001,H1
757,2002,H2
757,2003,H2
757,2004,H2
757,2005,H2
757,2006,H2
757,2007,H3
757,2008,H3
757,2009,H3
757,2010,H3
757,2011,H3
757,2012,H4
757,2013,H4
757,2014,H4
757,2015,H4
757,2016,H4
757,2017,H5
760,2001,H1
760,2002,H1
760,2003,H1
760,2004,H1
760,2005,H2
760,2006,H2
760,2007,H2
760,2008,H3
760,2009,H3
760,2010,H3
764,2001,H1
764,2002,H2
764,2003,H2
764,2004,H2
764,2005,H2
764,2006,H2
764,2007,H3
764,2008,H3
764,2009,H3
764,2010,H3
764,2011,H3
764,2012,H4
764,2013,H4
764,2014,H4
764,2015,H4
764,2016,H4
768,2001,H1
768,2002,H1
768,2003,H1
768,2004,H2
768,2005,H2
768,2007,H2
768,2008,H3
768,2009,H3
768,2010,H3
768,2011,H3
768,2012,H3
768,2013,H3
768,2014,H3
768,2015,H4
768,2016,H4
768,2017,H4
776,2001,H0
776,2002,H0
776,2003,H0
776,2004,H0
776,2005,H0
776,2006,H0
776,2007,H0
776,2008,H3
776,2009,H3
776,2010,H3
776,2011,H3
776,2012,H3
776,2013,H3
776,2014,H4
780,2001,H1
780,2002,H1
780,2003,H1
780,2004,H2
780,2005,H2
780,2006,H2
780,2007,H3
780,2008,H3
780,2009,H3
780,2010,H3
780,2011,H3
780,2012,H3
780,2013,H3
780,2014,H3
780,2015,H3
784,2001,H1
784,2002,H1
784,2003,H2
784,2004,H2
784,2005,H2
784,2006,H2
784,2007,H2
784,2008,H3
784,2009,H3
784,2010,H3
784,2011,H3
784,2012,H4
784,2013,H4
784,2014,H4
784,2015,H4
784,2016,H4
788,2001,H1
788,2002,H2
788,2003,H2
788,2004,H2
788,2005,H2
788,2006,H2
788,2007,H2
788,2008,H3
788,2009,H3
788,2010,H3
788,2011,H3
788,2012,H4
788,2013,H4
788,2014,H4
788,2015,H4
788,2016,H4
792,2001,H1
792,2002,H2
792,2003,H2
792,2004,H2
792,2005,H2
792,2006,H2
792,2007,H3
792,2008,H3
792,2009,H3
792,2010,H3
792,2011,H3
792,2012,H4
792,2013,H4
792,2014,H4
792,2015,H4
792,2016,H4
792,2017,H5
796,2001,H0
796,2002,H0
796,2003,H0
796,2004,H0
796,2005,H2
796,2006,H2
796,2007,H2
796,2008,H2
796,2009,H2
796,2011,H3
796,2012,H3
798,2001,H0
798,2002,H0
798,2003,H0
798,2004,H0
798,2005,H0
798,2006,H0
798,2008,H0
800,2001,H1
800,2002,H2
800,2003,H2
800,2004,H2
800,2005,H2
800,2006,H2
800,2007,H2
800,2008,H3
800,2009,H3
800,2010,H3
800,2011,H3
800,2012,H4
800,2013,H4
800,2014,H4
800,2015,H4
800,2016,H4
804,2001,H1
804,2002,H1
804,2003,H1
804,2004,H1
804,2005,H1
804,2006,H1
804,2007,H1
804,2008,H2
804,2009,H2
804,2010,H2
804,2011,H3
804,2012,H3
804,2013,H3
804,2014,H4
804,2015,H4
804,2016,H4
804,2017,H4
807,2001,H1
807,2002,H2
807,2003,H2
807,2004,H2
807,2005,H2
807,2006,H2
807,2007,H3
807,2008,H3
807,2009,H3
807,2010,H3
807,2011,H3
807,2012,H4
807,2013,H4
807,2014,H4
807,2015,H4
807,2016,H4
807,2017,H5
818,2001,H0
818,2002,H0
818,2003,H0
818,2004,H0
818,2005,H0
818,2006,H0
818,2007,H0
818,2008,H3
818,2009,H3
818,2010,H3
818,2011,H3
818,2012,H3
818,2013,H3
818,2014,H4
818,2015,H4
818,2016,H4
818,2017,H4
826,2001,H1
826,2002,H2
826,2003,H2
826,2004,H2
826,2005,H2
826,2006,H2
826,2007,H3
826,2008,H3
826,2009,H3
826,2010,H3
826,2011,H3
826,2012,H4
826,2013,H4
826,2014,H4
826,2015,H4
826,2016,H4
826,2017,H5
834,2001,H1
834,2002,H1
834,2003,H1
834,2004,H1
834,2005,H2
834,2006,H2
834,2007,H2
834,2008,H3
834,2009,H3
834,2010,H3
834,2011,H3
834,2012,H3
834,2013,H4
834,2014,H4
834,2015,H4
834,2016,H4
842,2001,H1
842,2002,H2
842,2003,H2
842,2004,H2
842,2005,H2
842,2006,H2
842,2007,H3
842,2008,H3
842,2009,H3
842,2010,H3
842,2011,H3
842,2012,H4
842,2013,H4
842,2014,H4
842,2015,H4
842,2016,H4
842,2017,H5
854,2001,H1
854,2002,H1
854,2003,H1
854,2004,H2
854,2005,H2
854,2007,H2
854,2008,H2
854,2009,H3
854,2010,H3
854,2011,H3
854,2012,H3
854,2013,H3
854,2014,H3
854,2015,H4
854,2016,H4
858,2001,H1
858,2002,H2
858,2003,H2
858,2004,H2
858,2005,H2
858,2006,H2
858,2007,H3
858,2008,H3
858,2009,H3
858,2010,H3
858,2011,H3
858,2012,H4
858,2013,H4
858,2014,H4
858,2015,H4
858,2016,H4
858,2017,H5
862,2001,H1
862,2002,H1
862,2003,H1
862,2004,H1
862,2005,H1
862,2006,H2
862,2007,H2
862,2008,H2
862,2009,H2
862,2010,H2
862,2011,H2
862,2012,H2
862,2013,H2
876,2001,H0
876,2002,H0
876,2003,H0
876,2004,H0
876,2005,H0
876,2006,H0
882,2001,H1
882,2002,H1
882,2003,H1
882,2004,H1
882,2005,H1
882,2006,H1
882,2007,H1
882,2008,H1
882,2009,H3
882,2010,H3
882,2011,H3
882,2012,H4
882,2013,H4
882,2014,H4
882,2015,H4
882,2016,H4
882,2017,H4
887,2001,S3
887,2002,S3
887,2003,S3
887,2004,H1
887,2005,H1
887,2006,H2
887,2007,H2
887,2008,H2
887,2009,H3
887,2010,H3
887,2011,H3
887,2012,H4
887,2013,H4
887,2014,H4
887,2015,H4
891,2001,H1
891,2002,H1
891,2004,H1
894,2001,H1
894,2002,H2
894,2003,H2
894,2004,H2
894,2005,H2
894,2006,H2
894,2007,H2
894,2008,H3
894,2009,H3
894,2010,H3
894,2011,H3
894,2012,H4
894,2013,H4
894,2014,H4
894,2015,H4
